id_client,date_loan,date_rassrochka
2756,2021-05-01,2019-08-21
2101,2020-02-05,2021-06-14
684,2021-04-23,
1330,2021-04-30,
734,2019-07-13,
753,2021-04-29,
1614,2018-06-24,
2874,2021-04-26,2021-01-11
839,2020-06-18,
1718,2021-04-27,2021-05-30
1685,2020-02-02,2020-11-08
1581,2019-12-19,
2665,2018-07-15,2021-06-11
2772,2020-01-29,2019-02-21
351,2021-04-26,
776,2021-04-25,
189,2021-04-25,
500,2020-05-20,
2178,2021-04-24,2020-04-13
2975,2019-04-20,2020-03-28
152,2018-11-11,2021-06-17
52,2018-10-18,
1849,2021-04-22,2020-03-29
1342,2018-11-01,
856,2020-02-14,
120,2019-02-28,
2844,2019-01-21,2020-04-30
1306,2019-04-18,
1387,2019-02-19,
1820,2021-04-19,2019-04-20
1732,2019-05-08,2018-09-09
460,2018-05-24,
720,2018-06-06,
104,2020-11-27,
2718,2020-08-29,2020-04-07
2468,2021-04-17,2018-10-02
559,2018-11-05,
487,2020-02-05,
2111,2020-08-18,2019-09-21
29,2018-04-19,
2938,2021-04-15,2021-02-11
2483,2020-08-23,2021-05-03
528,2021-04-14,
1500,2020-06-26,
797,2020-06-19,
747,2021-04-14,
2202,2021-04-14,2018-10-01
2137,2021-04-13,2020-09-23
2495,2021-04-13,2021-02-14
240,2021-04-13,
1599,2019-11-22,
2965,2019-09-22,2021-05-23
1531,2021-04-10,
1281,2021-04-10,
2824,2018-10-22,2021-05-13
620,2020-04-22,
2616,2021-04-09,2020-01-26
1314,2021-01-17,
830,2018-08-18,
343,2018-08-02,
2848,2020-01-20,2019-08-10
2740,2019-11-15,2020-11-02
2152,2019-09-02,2021-01-07
702,2019-08-20,
2990,2021-04-07,2020-05-31
1139,2020-09-23,
1083,2019-12-19,
874,2019-05-17,
2114,2019-05-07,2019-12-12
432,2018-06-21,2021-04-27
939,2019-04-05,
1960,2020-05-17,2020-02-07
1733,2021-02-09,2020-02-02
2709,2018-11-15,2020-01-23
764,2021-04-05,
2697,2021-03-31,2021-01-18
573,2018-10-06,
2484,2021-04-04,2019-03-08
231,2020-11-05,2021-05-05
49,2021-04-03,
65,2020-11-02,2021-05-10
1594,2018-06-01,
1906,2019-07-15,2020-07-26
1986,2019-02-25,2021-06-12
2939,2018-07-12,2021-07-22
1287,2018-06-19,
2186,2021-04-06,2020-03-18
2206,2021-03-08,2021-03-13
1810,2019-09-08,2021-07-09
332,2021-03-26,
1445,2021-03-26,
234,2021-02-15,
295,2020-10-08,
889,2019-03-03,
2856,2019-01-04,2020-05-19
1601,2021-04-05,
1113,2019-08-23,
2042,2020-07-02,2019-01-17
1979,2019-10-02,2020-01-07
1724,2021-03-23,2021-01-16
1775,2019-08-31,2019-04-10
906,2020-12-20,
411,2021-04-16,
1239,2021-03-22,
1892,2021-03-21,2020-03-02
513,2020-05-26,
251,2020-02-26,
1667,2020-02-15,2018-10-11
2091,2019-12-02,2020-04-29
1547,2021-03-19,
1751,2019-11-01,2021-01-26
242,2019-10-02,
263,2020-09-06,
885,2019-04-07,
711,2018-09-09,
357,2019-08-26,
2776,2018-08-30,2021-04-20
802,2020-06-01,2021-04-27
2750,2020-11-14,2021-04-08
2921,2020-01-14,2021-04-29
2885,2020-01-27,2019-12-12
494,2020-01-20,
2249,2020-01-13,2021-05-13
2023,2019-06-01,2021-06-22
2661,2019-02-13,2019-05-11
589,2021-01-14,
1609,2018-12-04,
2225,2020-01-21,2018-09-22
2147,2019-09-21,2020-12-03
2944,2020-05-02,2021-06-03
1564,2018-09-24,
1517,2021-03-09,
1874,2021-02-12,2021-02-15
1932,2021-03-09,2021-05-24
1726,2021-02-05,2018-09-17
976,2020-11-16,
2461,2021-03-08,2020-04-17
2283,2020-08-02,2019-02-14
1373,2021-03-07,
1361,2021-03-08,
2621,2020-02-18,2021-06-14
1226,2018-10-04,
2321,2018-05-11,2021-02-15
2579,2018-07-04,2020-07-10
1296,2020-05-28,
1411,2021-03-11,2021-06-17
715,2018-08-09,
1169,2021-03-03,
2749,2021-03-03,2019-07-07
1492,2018-08-15,
1826,2020-07-25,2019-08-13
706,2018-07-09,
2349,2018-10-06,2020-09-05
2196,2021-02-23,2020-01-05
983,2020-08-21,
530,2021-02-19,
2653,2020-11-08,2021-01-27
273,2021-01-18,
898,2021-02-28,
15,2020-08-24,
1144,2018-09-17,
2067,2020-02-08,2019-12-22
1340,2019-09-14,
962,2020-01-05,
1391,2019-01-08,
1578,2019-12-10,2021-04-27
660,2020-09-24,
1645,2018-08-17,
4,2019-10-04,2021-06-17
603,2021-02-21,
1016,2020-09-11,
2233,2019-09-02,2020-06-24
566,2019-04-27,
2912,2019-04-30,2020-12-03
1711,2020-06-07,2020-08-05
2174,2021-01-02,2020-06-11
1914,2019-05-02,2019-06-14
1625,2020-12-13,
2051,2021-01-31,2019-02-15
883,2018-08-19,
867,2021-01-01,
1981,2018-11-17,2019-02-12
383,2021-02-03,
967,2018-11-16,
122,2021-02-16,
708,2021-02-15,
2645,2019-11-27,2021-07-10
2866,2021-01-23,2019-02-27
2276,2020-12-28,2019-03-26
1669,2021-02-14,2018-07-15
901,2020-09-23,
321,2021-02-13,
1740,2018-07-28,2019-06-08
2655,2020-07-14,2018-12-03
1962,2020-06-19,2021-03-14
1175,2019-08-29,
1801,2020-02-25,2019-02-17
1595,2021-02-11,
2910,2021-02-10,2021-03-27
38,2018-04-23,
2247,2021-04-05,2021-03-07
2834,2021-04-17,2018-12-12
1537,2020-01-20,2021-05-05
2413,2021-02-07,2021-04-08
2079,2019-05-03,2020-02-19
1358,2021-02-06,2021-05-05
161,2020-08-23,
1092,2021-04-19,
77,2019-06-22,
2634,2019-12-12,2019-07-25
115,2020-11-18,
199,2021-02-04,
74,2021-02-04,
1245,2020-09-23,
924,2020-12-28,
1839,2020-09-02,2021-06-20
2494,2019-11-16,2021-04-25
438,2020-05-12,
2889,2021-01-27,2021-04-06
1385,2020-03-31,
1657,2020-03-15,2019-04-10
2566,2018-05-01,2021-06-29
2835,2019-12-09,2021-06-10
1090,2021-02-01,
2716,2019-12-05,2018-08-27
1195,2021-01-31,
1335,2019-10-31,
1590,2019-09-30,
2170,2020-09-05,2020-08-17
2654,2018-08-21,2019-05-03
1431,2018-05-26,
385,2021-01-24,
1717,2019-02-18,2021-04-27
2534,2019-08-12,2021-05-05
2282,2021-01-27,2020-10-25
1403,2021-01-27,
1457,2020-09-22,
2470,2021-01-26,2021-04-15
909,2020-09-09,
2821,2021-01-26,2021-05-20
1461,2018-12-03,
1615,2021-01-25,
2320,2020-05-13,2019-11-16
417,2020-10-26,
2307,2020-04-07,2021-07-23
429,2021-01-23,
505,2019-09-18,
2727,2021-01-22,2021-04-11
818,2019-08-21,
2329,2021-01-21,2019-04-21
1180,2019-09-17,
2183,2020-08-17,2021-05-12
946,2021-01-20,
2389,2018-08-05,2019-12-25
486,2018-06-30,2021-05-10
1543,2018-07-02,
649,2021-01-19,
1475,2018-05-02,
1471,2018-04-22,
473,2018-04-22,
1491,2021-01-04,
938,2021-01-18,
1000,2020-11-27,
1954,2020-07-31,2021-07-09
2897,2021-01-15,2021-05-31
2255,2021-02-06,2021-07-31
2450,2021-01-14,2021-05-03
2337,2020-07-26,2019-02-18
1207,2019-07-06,
2681,2020-05-14,2019-10-17
2451,2019-06-11,2021-01-17
699,2020-12-20,
2704,2021-01-13,2021-02-19
431,2019-05-11,
1976,2021-01-10,2021-07-16
2220,2019-04-11,2020-05-15
119,2018-11-14,
2730,2021-01-10,2018-11-28
2631,2018-08-19,2020-03-01
2061,2018-08-02,2020-12-24
757,2021-01-07,2021-04-12
2435,2020-07-02,2019-09-13
2861,2020-02-14,2019-03-18
731,2019-08-21,
382,2019-12-11,
1690,2021-01-07,2019-09-12
1828,2021-01-06,2019-02-06
1262,2021-03-24,
1538,2018-11-18,
2403,2018-08-12,2020-08-19
317,2021-01-05,
1084,2021-01-05,
2817,2018-08-03,2019-07-09
1282,2021-03-18,
133,2021-01-05,
2802,2021-01-03,2020-10-03
2880,2018-11-04,2021-04-23
14,2018-06-14,
140,2019-06-11,
2159,2019-10-02,2018-10-10
1555,2021-01-01,
873,2021-03-13,
1160,2020-07-09,
188,2019-03-25,
1476,2019-06-20,
1097,2019-06-06,
997,2021-04-07,
642,2020-11-15,
1088,2020-12-30,
2287,2021-01-10,2019-10-27
292,2019-03-16,
2561,2019-03-05,2021-03-06
1022,2020-11-20,
1274,2020-12-29,
1641,2020-12-29,2021-04-12
2275,2019-09-16,2019-12-12
2501,2020-12-22,2019-08-22
1967,2018-06-30,2019-04-27
2810,2018-06-10,2018-07-14
602,2020-12-28,
2333,2020-12-27,2020-01-24
1883,2020-12-27,2020-09-14
1550,2021-03-09,
117,2019-07-17,
1412,2020-12-26,
2957,2021-02-02,2019-01-30
2651,2021-01-25,2021-01-06
182,2020-12-25,
2268,2021-01-24,2020-07-04
2853,2019-05-16,2021-02-24
2755,2019-04-04,2018-11-18
578,2019-02-04,2021-04-11
1347,2020-12-23,
1055,2020-02-04,
2513,2019-11-14,2019-12-20
1034,2019-01-14,
1268,2020-12-22,
1545,2021-04-08,
1253,2019-12-11,
1649,2020-12-22,2021-04-14
1443,2020-11-26,
1366,2019-07-15,2021-06-15
2410,2018-07-12,2020-05-19
827,2020-12-16,
2983,2020-12-19,2021-01-29
320,2018-12-25,
1182,2020-08-19,
1709,2018-10-13,2020-09-05
1027,2021-04-28,
2446,2020-12-16,2019-04-06
1415,2020-11-14,2021-04-27
1264,2020-12-18,
884,2020-12-17,
984,2020-08-31,
2591,2020-12-16,2019-05-08
2572,2020-12-16,2019-06-28
2610,2020-12-11,2019-04-18
1975,2020-08-13,2020-04-17
897,2020-11-15,
1070,2020-08-08,
1277,2020-08-14,
1439,2020-08-09,
2864,2018-06-03,2021-04-12
866,2020-12-10,
1442,2019-11-22,
278,2018-11-18,
1604,2020-12-12,
1793,2021-03-02,2021-04-05
2142,2020-12-07,2021-05-05
1513,2020-06-06,
654,2020-12-26,
2575,2019-09-21,2019-03-12
2933,2020-07-02,2019-02-19
272,2020-04-07,
2839,2020-12-09,2021-07-23
2199,2019-04-30,2020-06-07
1605,2020-12-08,
812,2020-12-08,
316,2020-12-01,
472,2020-11-23,
1498,2020-08-22,
971,2020-03-01,
2545,2020-07-04,2020-02-03
1008,2019-07-23,
1562,2019-07-29,
1319,2020-12-03,
1221,2020-12-03,
1075,2020-06-15,
2365,2019-11-03,2019-07-10
2164,2019-09-02,2019-10-30
744,2018-11-28,
668,2019-08-30,
454,2019-08-29,
990,2020-04-25,
2073,2019-05-28,2021-05-01
1899,2019-05-19,2021-06-16
164,2019-01-16,
2190,2020-11-30,2019-11-20
1736,2020-11-30,2018-12-06
2197,2019-08-09,2021-03-24
299,2019-06-28,
623,2020-03-04,
1683,2018-09-15,2021-03-20
304,2018-08-26,
2946,2021-02-11,2020-09-26
2033,2020-11-28,2021-03-08
2619,2019-02-14,2021-04-19
1766,2018-07-10,2021-03-13
815,2019-02-10,
1357,2019-01-05,
677,2018-04-17,2021-04-11
2745,2021-04-28,2021-03-20
2543,2020-11-24,2021-02-08
1632,2018-10-22,
72,2018-10-06,2021-06-17
92,2019-08-25,
2620,2019-08-08,2021-01-12
1285,2018-06-16,
1243,2020-11-23,
1352,2021-03-13,
542,2020-11-18,
518,2018-12-29,
975,2020-11-22,
2028,2020-05-06,2020-10-26
964,2020-04-25,2021-05-05
2622,2018-09-27,2019-08-15
1758,2018-06-07,2021-03-06
1484,2020-11-20,
1607,2018-05-28,
2618,2019-10-10,2018-11-20
1554,2018-04-11,
2330,2019-07-17,2021-07-21
1153,2019-07-07,2021-04-11
2029,2020-11-18,2020-12-30
2010,2019-03-04,2021-07-27
853,2020-11-12,
562,2020-11-18,
2573,2020-11-17,2021-02-22
2207,2020-12-23,2021-07-27
1629,2020-11-11,
2004,2019-08-23,2021-04-17
648,2020-08-23,
1662,2020-11-15,2018-08-21
2486,2018-04-24,2020-10-07
823,2021-04-14,
2955,2020-12-06,2021-07-07
1527,2019-02-24,
659,2020-12-03,
169,2021-04-08,
1622,2019-09-14,
2777,2020-10-11,2019-07-30
219,2020-11-14,
2898,2021-02-13,2019-01-20
475,2020-04-05,
2012,2020-11-12,2021-05-30
1187,2020-11-10,
2084,2019-04-01,2019-03-03
688,2020-05-14,
1383,2020-07-19,
364,2019-02-08,
2567,2020-08-12,2020-06-02
1012,2020-11-11,
2509,2020-11-10,2021-06-26
2589,2020-11-05,2019-06-01
728,2020-01-31,
1521,2019-06-21,
2926,2020-11-09,2019-02-25
30,2019-05-26,
186,2019-03-26,
2877,2021-03-14,2020-02-13
2294,2020-11-07,2020-10-23
840,2021-03-14,
271,2019-08-04,
2656,2020-11-07,2021-05-31
2809,2020-07-14,2021-06-16
1266,2020-11-06,
2794,2019-03-11,2021-02-10
478,2020-09-07,
2144,2019-09-11,2019-11-26
1462,2020-05-12,
2209,2018-10-08,2021-05-13
2918,2020-06-07,2021-04-12
2070,2020-11-04,2021-05-08
1247,2020-06-06,
1675,2020-11-04,2019-03-11
496,2020-09-03,
156,2020-11-02,
2735,2020-06-12,2018-10-04
1393,2020-02-25,
1587,2020-03-16,
213,2020-11-01,
1851,2020-02-18,2021-01-18
2979,2020-02-18,2019-02-06
2553,2020-01-13,2021-06-17
2372,2019-08-31,2021-05-13
2700,2020-10-31,2020-07-31
1073,2020-11-03,
1833,2020-02-26,2020-07-30
2124,2018-11-18,2021-04-07
2717,2018-06-09,2020-12-19
1275,2020-10-28,
2814,2021-04-20,2021-03-17
452,2020-10-27,
2181,2020-10-27,2021-02-21
778,2020-11-11,
1998,2020-10-27,2021-02-26
835,2019-12-21,
1058,2021-02-03,
1410,2020-06-15,
2909,2019-07-17,2019-09-14
2322,2019-07-02,2020-04-03
2493,2019-06-11,2020-05-26
450,2020-10-24,
952,2018-05-22,
1052,2019-02-03,
2080,2020-08-13,2020-08-13
2758,2019-06-29,2021-02-06
2002,2019-08-03,2019-07-21
1307,2020-03-27,
966,2020-02-09,
2843,2019-10-03,2021-07-11
596,2019-05-31,
1846,2019-04-10,2021-02-19
1300,2020-10-20,
2870,2019-05-10,2020-03-16
1909,2020-10-19,2021-07-13
270,2020-10-02,2021-06-15
1278,2020-10-18,
196,2020-10-18,
2128,2018-07-26,2020-04-07
882,2019-04-26,2021-05-10
280,2020-08-30,
2425,2020-10-17,2018-09-25
392,2018-11-23,
294,2020-07-04,
2373,2018-08-16,2021-01-03
2214,2018-08-04,2021-04-27
303,2018-04-14,
54,2020-05-15,
1146,2020-03-07,
722,2018-12-24,
1870,2020-10-13,2020-06-03
1348,2019-04-13,
1952,2020-07-18,2018-08-19
2690,2020-01-23,2021-01-21
2789,2020-10-12,2019-03-24
833,2020-10-12,
1136,2020-10-11,
193,2020-10-11,
1043,2020-06-06,2021-05-10
337,2019-11-02,
1446,2020-10-11,
1344,2019-10-22,
1258,2020-10-10,
2432,2020-10-10,2021-04-08
2146,2019-10-11,2019-02-27
1598,2019-10-07,
396,2020-10-09,
1920,2019-10-04,2021-01-30
70,2019-10-01,
1840,2020-10-07,2021-05-31
2262,2020-10-07,2020-01-04
1541,2020-10-07,
2595,2019-12-10,2019-07-23
503,2019-09-01,
2847,2019-11-07,2020-08-01
1218,2020-10-06,
468,2018-06-28,
2001,2020-10-05,2021-02-19
2016,2019-08-24,2021-05-12
1520,2019-06-24,
1742,2019-04-20,2018-08-17
1964,2018-12-20,2021-05-22
1522,2019-07-30,
2417,2018-04-25,2020-01-22
244,2020-10-04,
375,2019-07-25,
207,2020-01-05,
2762,2019-11-05,2018-07-27
1551,2019-03-09,
1980,2020-06-21,2021-03-30
2636,2020-09-30,2020-07-18
20,2019-04-28,
928,2018-12-13,
1414,2019-02-12,
434,2020-08-10,
972,2018-11-11,
1467,2019-01-22,
2606,2020-09-28,2019-05-22
1938,2020-05-19,2020-12-27
2251,2019-12-13,2019-12-14
342,2019-01-03,
1453,2018-11-24,
208,2018-11-08,
2931,2019-12-31,2020-02-22
2167,2018-11-25,2021-06-21
1585,2018-06-10,
1799,2019-06-23,2020-04-10
32,2020-02-21,
1010,2020-10-07,
538,2019-11-14,
2764,2020-09-22,2021-03-23
2481,2020-07-03,2021-05-13
2120,2018-07-16,2021-01-26
1350,2018-07-07,
1082,2020-02-18,
572,2018-06-27,
1628,2018-06-25,
1370,2018-12-08,
1036,2021-02-08,
2677,2019-04-23,2018-10-08
941,2021-04-10,
2089,2020-12-22,2020-11-21
146,2018-09-18,
1337,2021-01-15,
2917,2020-09-21,2018-12-29
2808,2020-12-31,2020-02-15
1618,2020-09-20,
103,2020-12-25,
1865,2020-12-25,2018-09-22
1147,2020-09-19,
409,2020-12-18,
2393,2020-09-18,2020-09-16
216,2020-09-18,
484,2020-11-16,
222,2020-09-16,2021-04-12
1106,2020-06-11,
110,2020-06-04,
1185,2018-04-22,
789,2020-10-21,
2592,2020-10-14,2019-07-03
616,2020-09-13,
2485,2020-10-27,2021-06-01
978,2020-03-27,
2580,2020-09-12,2021-06-11
1658,2019-07-02,2019-10-29
2796,2020-09-11,2021-05-27
832,2020-09-11,
2035,2020-01-06,2019-05-15
1966,2021-04-16,2020-05-28
322,2018-12-12,
1334,2020-07-07,
2130,2019-03-28,2021-01-24
710,2020-04-30,
2763,2020-05-05,2021-07-16
2752,2020-11-23,2021-05-19
796,2020-04-26,
765,2019-10-01,
2523,2019-07-14,2020-02-05
669,2020-09-07,
1788,2018-12-25,2021-01-29
2710,2018-10-03,2020-05-12
1995,2018-05-29,2021-01-21
352,2018-05-05,
647,2021-03-04,
53,2020-09-29,
1701,2019-10-09,2020-09-14
1663,2019-04-20,2018-10-01
613,2020-09-20,2021-06-17
1250,2020-11-13,
265,2020-09-05,
2187,2020-06-09,2020-04-21
674,2020-05-22,
1231,2020-05-16,
1479,2020-09-04,
2907,2020-09-04,2020-03-24
249,2020-01-10,2021-06-17
543,2018-11-22,
1719,2020-09-03,2019-02-02
1011,2018-05-29,
2767,2020-09-02,2021-07-27
2852,2021-02-20,2021-03-27
1447,2018-04-20,
1107,2018-08-07,
1620,2020-02-24,
2719,2020-08-06,2020-07-06
474,2018-12-16,
1668,2019-08-10,2019-11-26
544,2020-01-14,
2672,2020-08-31,2019-05-30
35,2020-06-22,
687,2019-11-26,
1783,2019-08-23,2019-05-20
517,2019-08-01,
842,2020-08-30,
2703,2019-03-30,2021-03-06
865,2020-11-25,
1744,2018-06-24,2021-05-01
2593,2020-12-31,2021-03-28
2000,2020-12-19,2020-04-16
1921,2018-10-04,2021-04-03
1866,2019-03-03,2020-11-01
2991,2020-10-06,2021-07-04
2456,2020-02-14,2020-09-30
1413,2019-03-04,
1303,2019-02-22,
2544,2019-01-08,2021-02-28
2346,2018-08-27,2020-07-24
1359,2020-03-12,
1437,2019-09-01,
2754,2020-08-26,2020-06-13
2556,2020-08-26,2021-02-23
1949,2018-04-16,2019-10-24
1448,2018-08-12,
1489,2019-11-04,
942,2018-08-02,
264,2018-10-08,
2886,2020-08-23,2021-02-13
1830,2018-07-09,2019-09-05
2827,2021-03-26,2020-07-18
696,2018-05-25,
2943,2020-08-21,2021-04-12
779,2020-12-01,
1376,2019-01-16,
1777,2020-08-21,2020-08-06
1057,2019-01-26,2021-04-27
1600,2021-02-26,
1399,2019-07-04,
1434,2019-05-13,
1861,2020-08-19,2021-04-21
290,2020-08-19,
1802,2020-02-05,2021-07-19
147,2019-01-30,
1111,2018-10-08,2021-04-11
2066,2020-01-13,2020-06-13
2332,2020-08-17,2021-02-14
1610,2019-12-29,
2950,2019-11-28,2019-12-02
1267,2019-11-17,2021-04-27
2359,2020-08-16,2021-04-22
1329,2018-09-06,
2688,2018-08-04,2021-04-19
479,2019-04-28,
2459,2018-11-18,2019-12-02
1519,2019-04-30,
742,2019-09-23,
172,2020-02-18,
1852,2020-08-14,2019-10-16
2581,2020-07-10,2021-04-30
2102,2020-06-16,2019-06-19
134,2020-08-13,
1697,2020-04-29,2021-04-06
2116,2020-02-13,2020-03-17
2254,2020-08-12,2021-03-23
2412,2020-08-11,2020-05-12
1756,2018-12-24,2019-10-30
894,2020-10-13,
1700,2020-05-22,2020-02-09
769,2021-01-29,
2286,2019-05-21,2021-02-20
256,2019-02-16,
994,2020-03-11,
2819,2019-07-15,2021-01-22
178,2018-10-08,
1341,2020-08-08,
209,2018-07-26,
372,2018-05-14,
449,2019-10-20,
79,2018-05-11,
1688,2020-08-07,2021-03-01
671,2018-04-12,
1677,2020-08-06,2021-04-12
1252,2019-09-28,
2724,2021-02-25,2020-10-29
2177,2019-08-21,2021-06-22
1214,2019-06-10,
477,2019-06-18,
2298,2020-08-04,2020-05-27
1072,2020-08-03,
183,2020-08-02,
1127,2020-02-15,
1574,2020-08-02,
2895,2020-08-02,2021-02-16
1894,2019-03-22,2021-02-21
1301,2020-11-06,
1996,2020-07-31,2020-02-17
914,2021-03-11,
1934,2018-06-10,2020-09-20
1748,2020-07-31,2018-09-02
919,2021-03-13,
1363,2020-11-08,
2574,2020-07-29,2021-04-23
498,2020-11-02,
2970,2020-02-22,2020-09-17
1922,2018-05-13,2021-06-04
2086,2020-07-29,2019-02-05
2515,2020-07-29,2018-11-03
729,2019-01-19,
1438,2020-08-30,
2720,2020-07-28,2019-11-24
62,2021-03-30,
1217,2019-02-02,
1796,2020-07-26,2020-04-29
1882,2020-07-20,2021-01-05
521,2020-07-26,
2065,2019-03-18,2021-03-27
2448,2020-12-14,2019-03-08
2267,2020-12-11,2021-05-16
552,2020-09-10,
2440,2019-05-29,2021-05-06
718,2020-02-18,
1081,2020-03-09,
1684,2020-07-22,2021-02-09
2778,2020-07-21,2019-07-18
285,2019-12-29,
807,2020-09-05,
1815,2020-07-20,2021-05-15
507,2020-07-20,
1116,2019-05-15,
2112,2020-07-20,2019-03-06
1198,2020-08-26,
1093,2018-12-17,
726,2019-10-29,
1621,2021-01-18,
1630,2020-07-19,
1023,2018-06-07,
554,2018-06-05,
854,2020-01-24,
1619,2018-08-21,2021-05-05
217,2020-11-22,
1523,2021-01-05,
1678,2020-12-30,2021-06-15
2807,2020-07-12,2019-03-21
1323,2020-08-30,
605,2020-04-21,
201,2019-08-15,
2299,2020-02-27,2021-02-16
2215,2020-07-14,2021-06-13
100,2019-04-15,
233,2020-10-04,
2354,2020-08-12,2021-03-27
1856,2020-04-21,2020-03-14
2160,2019-01-21,2021-06-02
1216,2019-11-07,
2172,2020-07-13,2021-02-18
2695,2021-03-20,2021-03-24
2141,2021-02-27,2021-03-04
105,2020-07-12,
371,2020-12-07,
2948,2020-07-12,2020-04-02
650,2020-07-12,
2936,2020-10-27,2019-10-19
1923,2020-09-12,2018-10-26
1078,2019-09-05,
2686,2020-09-11,2021-07-24
1778,2019-01-14,2020-11-24
2659,2019-08-02,2019-07-01
2246,2020-08-15,2020-02-19
2830,2020-07-08,2019-04-13
1215,2019-07-04,
2712,2019-06-24,2021-05-06
141,2020-07-07,
1680,2019-06-22,2018-10-20
2351,2020-07-07,2021-05-10
2272,2019-06-11,2019-09-03
258,2020-07-06,
943,2019-07-21,
455,2020-07-06,
1647,2020-07-05,
1248,2019-04-22,
2831,2020-03-29,2021-05-03
1100,2020-07-04,
260,2020-09-20,
2005,2021-04-23,2021-02-11
681,2020-08-07,
2278,2020-02-13,2021-03-21
235,2020-07-03,2021-05-05
636,2020-02-18,
2168,2018-10-09,2021-02-03
1390,2019-11-05,
2605,2019-03-10,2020-08-25
2046,2019-11-28,2018-12-18
1911,2021-03-04,2021-02-14
934,2020-07-02,
1482,2020-07-02,
1432,2018-07-31,
206,2020-07-01,
1898,2020-06-11,2019-06-14
308,2018-06-24,
871,2018-06-18,
125,2020-06-30,2021-04-12
259,2021-04-07,
555,2020-06-29,
2837,2020-06-29,2020-07-31
338,2019-03-10,
1189,2018-05-24,
145,2020-02-27,
1773,2020-06-12,2020-12-28
1162,2020-06-26,
1472,2018-11-27,
366,2020-05-23,
328,2020-06-25,
1730,2021-03-24,2019-06-05
910,2020-06-24,
2032,2020-04-26,2021-07-01
2075,2019-03-19,2021-01-17
1974,2020-06-22,2021-04-21
2657,2020-03-13,2020-05-28
2364,2020-06-21,2019-12-11
1191,2021-02-03,
1901,2019-10-18,2018-08-08
2522,2021-01-09,2019-08-30
2705,2020-11-08,2020-02-04
2047,2019-10-07,2021-04-07
2238,2020-06-19,2019-05-02
799,2020-08-08,
1746,2019-02-22,2021-01-25
2984,2019-01-18,2020-06-22
892,2020-06-18,
973,2020-12-18,
2151,2019-09-29,2019-12-04
2978,2020-09-25,2021-02-23
501,2018-09-01,
1540,2018-08-27,
2382,2018-04-16,2018-11-24
1220,2020-07-19,
925,2018-07-06,
1346,2020-05-29,
154,2020-03-29,
1069,2020-06-15,
405,2019-11-05,
45,2019-09-14,
2465,2019-08-28,2021-06-18
2303,2018-07-21,2019-06-09
2774,2020-03-13,2021-04-25
427,2021-04-11,
992,2019-11-15,
1495,2020-06-16,
2569,2020-06-13,2019-04-23
204,2020-07-31,
1592,2020-11-25,
511,2018-06-04,
2698,2019-05-15,2019-11-09
1339,2020-06-12,
2279,2020-12-13,2019-02-02
2366,2020-06-11,2021-07-15
1708,2020-08-20,2021-06-07
2663,2018-11-28,2019-06-05
2062,2019-12-07,2020-10-26
2405,2019-07-17,2020-10-24
89,2020-06-09,
1377,2019-05-21,
1905,2019-03-14,2019-02-24
2039,2019-04-16,2019-08-01
2881,2019-01-08,2020-12-02
1676,2019-10-11,2020-09-04
1784,2018-05-26,2021-01-14
2259,2018-06-24,2021-01-26
2725,2020-09-01,2021-03-03
615,2020-05-02,
2048,2020-09-28,2021-03-14
50,2020-04-21,
1930,2020-06-04,2021-05-04
2352,2020-11-30,2021-05-11
587,2020-06-04,2021-04-12
1205,2020-04-06,
1887,2020-03-31,2021-01-27
2463,2020-06-02,2019-04-11
1989,2020-06-01,2021-01-16
1781,2020-06-01,2021-07-27
2517,2019-06-16,2019-07-20
2680,2021-04-04,2020-08-17
698,2019-06-25,2021-04-27
403,2020-05-31,
159,2020-12-24,
1463,2019-10-30,
1103,2021-02-03,
1042,2019-12-09,
695,2020-05-30,
2922,2019-02-20,2021-04-27
313,2020-08-12,
1466,2020-05-29,
743,2019-11-18,
1681,2019-08-13,2021-05-07
2785,2020-10-30,2019-05-21
558,2020-10-19,
2380,2020-05-28,2021-04-20
1994,2020-05-27,2021-04-20
2193,2020-07-25,2021-05-09
1080,2019-05-24,2021-06-15
717,2020-05-26,
2995,2020-09-05,2021-01-12
1179,2020-05-29,2021-06-17
2074,2020-05-25,2021-06-11
1944,2020-05-25,2020-03-12
2598,2020-04-25,2020-02-11
1653,2020-02-18,2019-04-04
2531,2019-08-30,2021-04-30
1137,2020-05-23,
1910,2020-02-02,2020-06-08
1864,2021-03-08,2018-12-02
502,2019-02-01,
877,2019-05-28,
712,2020-05-22,
40,2020-01-04,
114,2020-03-21,
1354,2019-12-25,
10,2019-03-21,
2408,2019-02-10,2020-03-07
960,2019-10-08,
1926,2018-12-19,2019-01-29
2558,2018-11-17,2020-07-08
694,2019-03-18,
1200,2018-11-08,
2683,2018-10-15,2021-07-06
1298,2021-01-26,
1117,2018-08-26,
1418,2020-10-14,
1565,2020-03-04,2021-06-15
2632,2020-05-17,2021-05-19
2288,2021-03-17,2021-03-18
1188,2021-02-01,2021-04-27
2883,2020-08-05,2019-10-26
713,2020-12-29,
763,2020-12-03,
1843,2020-05-16,2019-07-24
903,2019-04-30,
1568,2018-10-07,
1485,2019-11-16,
1392,2020-06-11,
1109,2020-05-14,
2644,2018-12-30,2021-03-01
1003,2020-12-31,
416,2020-05-14,
563,2020-05-13,
446,2020-06-09,
2803,2020-11-16,2021-02-19
2385,2021-01-14,2019-05-11
397,2021-01-18,
1544,2019-07-27,
2989,2018-12-23,2019-10-14
1464,2020-10-12,
1015,2020-05-11,
2609,2019-10-10,2018-11-11
1970,2019-06-30,2019-09-14
2602,2020-07-04,2020-02-04
93,2021-02-24,
2180,2019-03-17,2021-06-20
1165,2020-02-21,
401,2018-08-28,2021-05-10
2977,2020-05-07,2019-01-28
1988,2020-02-28,2018-09-07
980,2018-07-29,
595,2019-11-13,
36,2020-05-07,
339,2020-05-07,
2441,2019-09-05,2020-02-02
1407,2021-03-17,
241,2019-08-13,
1223,2020-05-06,
2647,2020-08-28,2021-05-11
2872,2020-06-13,2019-09-14
2919,2019-01-26,2021-02-23
1753,2019-05-07,2021-05-26
1152,2020-10-28,
112,2020-05-05,
1119,2020-06-12,
1149,2019-02-26,
2169,2019-01-11,2021-02-28
2613,2020-05-05,2018-10-02
160,2018-12-31,
2443,2019-12-22,2021-01-08
2662,2020-05-03,2020-03-03
2189,2018-12-02,2019-06-23
1597,2020-02-12,
1101,2020-04-29,
1508,2020-05-03,
2290,2020-05-05,2021-04-23
844,2020-05-02,
2097,2020-05-03,2020-06-01
2095,2020-04-23,2019-05-15
748,2020-03-26,
363,2019-12-17,
2350,2020-05-01,2021-02-02
109,2019-10-03,
805,2020-04-28,
1132,2019-09-05,
2667,2020-11-11,2019-02-16
564,2018-11-09,
1302,2018-12-31,
1369,2018-06-19,
404,2019-08-23,
1001,2018-06-06,
2533,2018-06-01,2020-07-07
2171,2019-08-06,2019-03-11
655,2020-04-27,
2815,2020-04-26,2020-04-17
2192,2020-04-26,2021-04-23
2956,2019-08-02,2020-04-08
2585,2018-04-19,2019-04-07
540,2019-06-29,
2829,2021-04-02,2018-09-07
1917,2021-03-20,2020-07-19
1056,2019-06-08,
2541,2020-04-25,2021-04-27
2136,2020-10-31,2021-06-06
2985,2020-04-25,2021-05-28
2638,2020-01-01,2021-05-05
953,2020-04-23,
1400,2019-11-13,
1633,2020-09-15,
2633,2020-06-27,2018-12-23
1440,2020-06-13,
2345,2021-01-30,2019-02-26
2427,2020-04-21,2021-04-07
740,2020-02-18,2021-04-27
575,2019-12-14,
2371,2021-01-20,2021-02-09
2353,2018-06-12,2020-11-13
1729,2018-11-10,2019-10-29
2034,2020-04-20,2021-02-25
1444,2020-04-20,
1478,2018-05-03,2021-04-27
1779,2020-05-17,2019-11-14
2469,2020-07-19,2019-12-20
436,2018-09-15,
1772,2019-04-08,2018-10-16
2265,2020-04-19,2021-05-02
2402,2019-10-12,2021-04-19
2734,2020-01-29,2021-02-06
814,2020-04-18,
1616,2019-02-03,
2586,2018-11-07,2021-02-14
1786,2020-06-18,2019-01-22
2849,2020-08-30,2021-02-11
346,2018-04-24,
2392,2020-04-16,2019-11-28
1731,2020-08-27,2021-02-27
2770,2018-12-27,2020-09-17
453,2020-02-24,
261,2020-11-15,
762,2019-12-26,2021-04-27
665,2020-09-09,
81,2020-04-12,
2583,2018-07-19,2021-02-13
1829,2020-06-30,2020-05-28
773,2020-06-16,
1563,2020-04-11,
982,2020-03-07,
2731,2020-04-10,2020-08-22
2612,2020-11-01,2019-09-18
2328,2021-03-14,2020-05-11
828,2020-06-09,
315,2020-04-08,
2840,2020-04-10,2021-05-24
60,2018-12-07,
2423,2020-02-06,2021-07-04
1355,2019-12-29,
1728,2019-10-13,2021-07-04
243,2020-05-16,
1997,2019-09-12,2018-08-16
67,2020-04-06,
330,2021-03-24,
301,2020-05-05,2021-06-15
2682,2019-07-31,2019-10-31
2165,2020-03-26,2020-10-13
2162,2020-04-05,2019-12-08
1456,2020-04-04,
425,2021-03-04,
1240,2019-05-09,
633,2020-05-03,
2260,2019-03-04,2021-07-13
638,2019-02-24,
1044,2019-07-12,
1021,2019-07-31,
1066,2020-04-01,
1040,2020-07-29,
794,2020-09-28,
155,2020-03-31,
1028,2019-07-31,
1276,2018-05-23,
2733,2020-03-29,2021-06-24
848,2018-05-21,
2315,2021-04-29,2021-01-18
2003,2020-03-29,2019-06-20
1324,2020-04-23,
1228,2021-02-21,
2395,2020-03-28,2021-07-10
384,2020-03-28,
466,2021-01-19,
1077,2020-07-01,
2145,2021-01-07,2020-05-21
937,2020-03-27,
2520,2020-03-27,2019-02-24
1336,2020-04-20,
1655,2020-03-27,2021-05-05
2338,2020-03-20,2020-08-08
1505,2020-12-12,
1811,2020-04-07,2019-06-28
2629,2020-03-26,2021-05-11
1800,2020-10-04,2020-08-31
398,2019-09-03,2021-06-15
1886,2020-03-25,2018-10-29
977,2019-07-11,
1502,2020-03-19,
1836,2020-04-21,2021-06-04
1290,2020-07-22,2021-04-11
2135,2020-03-22,2021-02-06
1423,2020-03-29,
2964,2020-07-09,2019-09-04
61,2019-02-07,
1353,2019-01-25,
497,2018-12-10,
723,2020-03-20,2021-04-11
2536,2020-03-19,2021-05-12
252,2020-05-02,
2945,2020-03-19,2021-04-20
327,2020-03-11,
2625,2020-03-18,2020-12-19
610,2020-01-24,
374,2019-02-15,
2472,2020-03-17,2021-02-14
2879,2020-06-14,2020-04-06
48,2019-01-09,
1311,2019-12-20,
1805,2019-09-29,2021-04-01
2753,2018-11-11,2019-04-19
2374,2019-11-29,2021-01-08
1646,2020-12-31,
1916,2020-11-23,2021-01-22
1821,2019-07-05,2021-01-31
2222,2021-04-17,2019-03-15
1583,2020-03-04,
2027,2019-08-21,2020-11-06
422,2018-11-01,
128,2020-02-29,
2018,2020-08-16,2020-11-12
413,2020-03-11,
495,2019-04-30,
1176,2020-02-28,
567,2020-02-29,
2801,2019-04-19,2021-03-06
2316,2019-10-07,2020-11-13
1837,2019-07-22,2021-01-31
1844,2020-03-09,2020-08-23
2765,2019-07-18,2021-05-31
1552,2020-03-08,
428,2019-02-15,
1294,2019-06-25,
64,2019-06-21,
618,2021-02-18,
700,2018-10-01,
682,2020-03-04,
904,2018-08-27,
68,2019-03-29,
1900,2019-02-01,2021-06-24
774,2019-06-09,
902,2020-03-01,
2150,2018-10-20,2021-03-06
464,2018-06-02,
1425,2018-10-07,
1468,2018-08-05,
324,2020-07-16,
1163,2021-04-08,
2987,2020-07-19,2021-05-25
2973,2021-02-21,2021-02-10
2241,2021-01-01,2021-07-15
347,2020-11-17,
1035,2018-07-31,
262,2020-08-04,
2323,2020-07-29,2020-10-22
462,2020-06-27,
441,2020-05-10,
2757,2020-04-17,2021-07-25
1780,2020-04-01,2021-07-24
1763,2020-03-09,2021-02-14
1025,2020-12-10,
2679,2020-06-14,2021-05-14
598,2018-10-20,
995,2019-09-15,
1835,2020-02-24,2020-05-29
58,2020-04-18,
1255,2019-11-05,
1050,2020-11-20,
920,2019-07-15,
1297,2020-02-23,
1765,2020-02-22,2020-01-03
1529,2019-08-02,
2331,2018-10-26,2020-10-06
2043,2019-06-04,2020-02-15
1891,2019-03-30,2018-12-25
2390,2020-02-21,2018-11-12
1613,2020-10-01,2021-06-15
44,2019-01-21,
2078,2020-02-20,2019-04-04
583,2020-02-19,
11,2018-09-26,
1722,2018-07-25,2020-04-01
593,2020-05-14,
2769,2019-01-05,2021-03-31
1224,2019-01-05,
226,2020-02-18,
1795,2019-01-04,2018-11-02
651,2019-11-01,
1122,2020-11-12,
142,2020-02-18,
480,2020-06-14,
514,2020-02-18,
896,2020-02-18,
2131,2018-08-26,2021-01-08
423,2018-10-21,
288,2018-06-25,
2925,2018-06-25,2018-08-10
2376,2020-01-27,2020-08-29
2148,2020-02-18,2019-11-16
911,2018-05-23,
1151,2019-12-05,
1624,2018-08-09,
2464,2020-02-18,2018-09-22
2905,2019-11-29,2021-02-27
2184,2021-04-16,2019-07-28
1295,2018-11-19,
1764,2020-02-16,2020-10-26
2958,2020-02-16,2019-07-05
218,2018-10-05,
1272,2019-08-16,
2134,2020-02-15,2019-12-20
1458,2018-06-27,
1535,2018-05-03,
2940,2020-02-14,2021-01-23
166,2021-03-03,
2107,2020-11-07,2019-12-30
163,2020-09-21,
2711,2020-02-14,2019-12-22
1186,2020-02-14,
2138,2020-08-25,2018-11-22
1691,2020-05-11,2021-05-02
536,2020-04-22,
1950,2020-02-13,2019-05-29
1603,2020-02-13,
2873,2020-02-12,2020-02-09
2845,2020-02-12,2020-08-22
47,2020-03-31,
1338,2020-07-28,
98,2020-02-12,
2457,2020-02-11,2021-03-20
766,2020-02-11,
482,2020-05-06,
1968,2018-08-19,2020-03-05
1983,2020-02-10,2021-07-28
1315,2021-02-02,
2083,2020-01-15,2021-04-17
2736,2020-02-08,2018-10-26
820,2018-06-19,2021-04-27
519,2019-02-25,
1816,2019-02-21,2021-01-27
307,2019-10-18,
2491,2020-02-06,2021-02-14
860,2019-02-19,
179,2019-01-19,
481,2019-11-02,
525,2019-01-09,
1990,2020-06-26,2019-08-24
2031,2020-02-23,2021-04-12
1504,2020-02-04,
957,2019-07-10,
2022,2019-08-02,2020-10-07
9,2018-08-06,
107,2020-02-02,
745,2018-04-09,
22,2021-04-12,
1009,2018-04-10,
116,2019-04-05,
1593,2020-02-02,
2806,2018-10-30,2019-09-24
195,2020-01-11,
2087,2019-06-09,2021-01-15
1019,2020-01-31,2021-05-05
632,2020-10-17,
202,2020-03-27,
336,2020-01-07,
2816,2020-01-30,2019-01-27
1720,2021-03-03,2021-07-05
2223,2020-09-09,2020-02-19
619,2018-11-01,
539,2020-11-28,
1388,2020-01-29,
1480,2019-05-22,
792,2019-01-15,
732,2020-01-28,
970,2020-05-07,
399,2018-12-22,2021-05-10
211,2020-01-27,
1142,2018-08-11,
1291,2018-06-21,
556,2020-02-21,
2191,2020-01-26,2019-02-05
2445,2021-05-01,2021-05-28
2319,2020-01-08,2021-02-06
300,2020-01-25,
2488,2018-06-10,2021-07-22
661,2021-04-04,
2563,2020-01-24,2018-09-24
185,2020-01-23,
2875,2021-02-13,2021-03-31
445,2021-04-27,
2694,2020-09-28,2021-04-18
457,2020-01-23,
1760,2020-01-22,2020-09-18
2226,2021-04-19,2019-12-15
2163,2020-05-30,2021-04-23
2641,2020-11-30,2018-08-24
1972,2020-01-21,2019-02-21
389,2020-09-07,
1374,2020-06-17,
2077,2020-01-21,2021-05-04
2447,2020-01-26,2019-06-23
1584,2020-04-08,
1270,2020-01-20,
2743,2020-12-24,2020-05-17
491,2019-08-25,
135,2019-08-20,
714,2019-06-15,2021-04-27
509,2019-04-13,
2707,2019-04-12,2020-03-22
664,2020-11-22,
1368,2020-10-23,
2296,2020-01-01,2021-05-04
1553,2019-02-13,2021-04-27
458,2019-01-29,
625,2020-01-01,
1232,2018-06-10,
2675,2020-01-14,2021-02-07
1969,2020-06-24,2020-08-26
2100,2018-12-25,2019-08-27
1183,2020-01-13,2021-05-05
1707,2021-03-22,2021-04-23
1942,2020-06-18,2020-07-07
1556,2018-12-12,
2825,2020-01-11,2021-03-28
600,2020-01-11,
2200,2020-01-22,2019-04-01
2399,2020-02-02,2018-12-01
1774,2018-08-12,2021-01-20
1953,2020-04-28,2019-03-18
1848,2020-03-16,2021-01-20
2347,2019-11-04,2019-05-09
1071,2018-06-17,
959,2020-01-08,
2571,2018-10-26,2018-10-14
569,2018-06-26,
56,2020-01-07,
2935,2020-12-15,2021-02-08
1571,2019-11-21,
2404,2019-10-29,2020-09-18
162,2019-09-28,
932,2020-01-05,
2882,2019-08-05,2020-08-19
380,2020-10-11,
2855,2019-09-26,2019-02-18
2547,2019-08-03,2021-08-01
1477,2019-12-20,
692,2019-10-18,
57,2019-07-25,
1030,2019-07-12,
2516,2020-01-01,2019-07-21
1318,2020-01-01,
604,2019-06-21,
675,2019-12-31,
2851,2020-05-03,2021-06-08
2253,2019-12-30,2021-07-31
377,2019-12-30,
279,2019-03-17,
1140,2019-02-18,
286,2019-02-10,
771,2019-01-12,
550,2018-12-21,2021-05-10
1912,2019-12-27,2021-06-29
2391,2019-06-20,2020-04-01
2968,2019-12-27,2020-10-27
2611,2019-12-27,2019-08-29
2149,2019-12-27,2021-06-30
691,2019-05-16,
809,2019-06-15,
2930,2018-10-26,2020-10-08
1190,2019-12-17,
2250,2019-04-17,2019-07-09
2676,2020-08-14,2021-05-03
408,2020-03-23,
2684,2019-12-22,2020-06-22
1695,2018-05-18,2020-12-13
693,2018-04-21,2021-04-12
2900,2018-07-28,2018-08-04
229,2020-07-12,
2841,2018-05-29,2020-12-03
1260,2021-03-10,
1263,2019-09-02,
1331,2020-11-19,
2132,2020-10-23,2020-06-13
2992,2019-12-19,2020-05-24
1259,2020-09-29,
1879,2019-12-18,2021-06-30
1166,2019-12-18,
672,2020-09-24,
988,2020-05-31,
71,2018-09-10,
1689,2020-04-28,2021-07-30
2519,2020-09-24,2021-07-10
1682,2020-03-31,2019-10-04
2342,2020-08-31,2020-01-17
2551,2019-12-14,2020-12-29
1349,2020-04-04,
2318,2020-05-16,2020-05-07
1973,2019-12-13,2020-07-19
1915,2020-05-16,2018-12-21
2779,2019-12-13,2018-11-12
1452,2019-12-12,
829,2020-03-11,
126,2019-12-12,
1202,2020-05-01,
803,2019-12-11,
84,2019-07-25,
1305,2020-02-29,2021-04-12
176,2020-04-11,
248,2020-02-07,
1293,2020-09-06,
721,2018-04-16,
1534,2020-01-12,
1727,2019-12-08,2019-10-25
2689,2019-12-08,2021-06-27
2256,2019-02-17,2021-01-01
33,2018-09-09,
1798,2018-04-18,2019-12-31
492,2018-05-29,
824,2019-03-23,
1114,2018-07-04,
2906,2021-04-08,2020-03-10
2759,2018-05-25,2020-01-26
2422,2019-12-04,2019-10-08
2334,2019-12-03,2021-01-21
132,2020-12-23,
69,2019-11-29,
2235,2021-03-15,2021-02-24
738,2021-03-13,
167,2020-12-28,
43,2018-06-16,
2780,2019-08-29,2019-09-27
2375,2019-11-28,2020-07-25
2401,2020-09-21,2021-03-13
2471,2019-05-07,2020-02-08
2436,2020-12-20,2020-10-14
527,2019-02-07,2021-06-15
1271,2018-11-02,
888,2020-06-19,
534,2020-12-12,
1785,2019-11-25,2021-07-11
1312,2019-11-24,
1397,2019-11-23,
1130,2020-05-03,
2026,2019-11-23,2018-11-30
931,2019-11-14,
1014,2019-10-09,
1648,2019-10-08,
2269,2019-11-22,2019-05-27
568,2019-02-20,2021-05-05
1971,2019-11-10,2021-01-18
2179,2019-11-21,2021-04-04
2429,2019-11-06,2021-03-14
1018,2019-01-06,
1716,2021-01-21,2021-07-09
2230,2019-11-22,2021-07-17
1170,2018-10-27,
353,2018-08-28,
239,2019-11-19,
2986,2018-05-10,2021-04-07
1824,2021-04-22,2018-11-05
2490,2019-11-18,2019-04-21
1945,2018-11-23,2019-05-08
1249,2020-08-19,
2723,2021-03-22,2021-05-08
1743,2021-02-14,2021-06-30
1141,2018-05-18,
2911,2021-02-06,2020-11-06
1808,2021-02-03,2021-07-12
2934,2018-12-30,2020-02-09
663,2019-10-19,
965,2020-12-01,
1394,2020-11-12,
2640,2019-11-15,2021-06-08
1037,2020-05-19,
880,2019-06-16,
1928,2018-05-30,2020-02-07
25,2019-06-27,
2236,2020-01-26,2018-08-20
2739,2019-11-12,2021-04-22
1208,2019-11-11,
1876,2020-02-11,2020-10-10
2555,2018-10-05,2019-06-03
2782,2018-09-21,2021-02-17
624,2018-08-19,
1650,2019-10-17,2020-12-05
2467,2020-09-01,2019-05-10
2503,2020-01-20,2021-01-25
456,2018-10-13,
2903,2020-01-28,2021-03-28
611,2019-11-05,
834,2018-11-03,
485,2019-02-10,
532,2019-12-17,
557,2019-04-24,
2500,2018-09-28,2021-01-25
2805,2018-06-28,2019-03-10
719,2019-11-04,
2708,2021-01-07,2020-11-15
2006,2018-06-03,2019-05-13
705,2021-04-07,2021-06-15
1381,2019-11-02,
2090,2021-02-28,2021-01-10
2211,2019-04-27,2021-06-25
439,2019-11-12,2021-04-27
1360,2019-10-13,
2702,2019-10-31,2020-11-19
2239,2021-04-24,2021-05-31
951,2019-05-21,
1606,2019-10-30,
2642,2018-09-28,2020-07-25
1493,2020-04-16,
2537,2020-03-26,2019-07-15
1242,2019-10-30,2021-04-12
376,2020-12-31,
678,2020-12-25,
267,2021-04-08,2021-06-15
2304,2019-10-29,2020-10-01
1098,2020-05-08,
2360,2020-12-01,2018-12-06
2799,2019-10-27,2018-08-20
2744,2019-03-24,2020-11-15
2963,2020-10-23,2018-09-22
1496,2019-10-24,
2264,2021-02-26,2021-03-06
2996,2019-10-23,2021-07-02
2804,2018-08-29,2020-05-20
1284,2018-09-01,
1375,2019-10-22,
2828,2019-10-22,2021-04-20
2726,2020-08-13,2019-12-10
954,2018-06-09,
2153,2018-09-02,2021-07-07
2117,2018-05-02,2021-06-10
331,2018-04-25,
813,2020-09-04,
891,2019-10-20,
1235,2020-08-10,2021-06-15
2916,2019-10-18,2021-02-15
1256,2018-04-22,
2173,2020-07-05,2020-11-02
2971,2019-10-18,2020-10-22
2508,2020-05-18,2021-04-03
1666,2021-02-20,2021-02-21
1365,2019-10-05,
412,2019-10-16,
2381,2021-01-31,2019-12-12
2687,2019-11-06,2021-05-13
2156,2019-10-14,2019-08-14
1194,2020-12-29,
707,2020-05-08,
787,2019-10-12,
2623,2020-12-07,2020-05-29
2565,2020-04-17,2021-01-23
594,2020-08-20,
2295,2018-12-22,2021-05-14
989,2020-04-03,
1273,2019-10-11,
461,2020-02-24,
2082,2020-09-14,2020-11-03
791,2020-09-09,
2057,2020-08-31,2020-08-15
1158,2019-10-09,
1672,2020-01-15,2021-06-15
80,2020-01-09,
293,2019-10-09,
99,2020-07-12,
1862,2019-10-09,2020-05-16
2766,2020-12-29,2021-04-05
1241,2019-04-06,
2219,2020-05-12,2021-05-01
2311,2020-02-04,2020-09-21
284,2019-10-08,
944,2020-10-07,
1747,2018-11-06,2020-02-29
1712,2019-01-31,2019-07-25
1006,2020-11-22,
1575,2020-09-29,
1644,2019-09-26,
1126,2019-08-10,
905,2019-10-05,
1459,2020-09-28,
1806,2019-10-31,2021-03-08
2383,2020-09-25,2021-02-04
1063,2019-09-18,
2175,2020-03-29,2018-11-27
2773,2019-09-18,2021-07-01
268,2020-08-28,
326,2020-02-18,
2099,2019-10-27,2020-12-27
2888,2018-11-10,2018-07-30
868,2020-10-05,2021-06-15
1045,2020-05-27,
129,2020-05-22,
1047,2018-06-15,
8,2020-04-20,
838,2019-10-26,
2527,2021-01-25,2021-06-10
2462,2021-01-14,2021-01-22
23,2019-10-30,
1579,2019-02-01,
1623,2021-03-29,
2420,2020-03-05,2021-07-12
309,2019-09-22,
1067,2019-09-24,
94,2019-01-05,
2927,2018-05-28,2020-06-21
1858,2019-11-18,2021-05-03
516,2020-01-08,2021-04-27
1386,2019-09-23,
2800,2019-06-21,2020-01-13
1639,2019-12-25,
2455,2019-10-31,2019-07-05
34,2019-08-28,2021-04-27
683,2019-09-21,
1465,2019-12-07,
614,2019-09-07,
291,2019-01-21,
1636,2019-09-19,
935,2019-09-18,
777,2019-01-13,
2258,2018-11-27,2018-11-22
913,2018-11-11,
800,2018-10-24,
1404,2018-10-19,
2396,2018-09-30,2020-12-11
1577,2018-08-31,
395,2019-09-17,
900,2019-05-20,
220,2019-09-16,
1051,2020-05-01,
1710,2019-09-16,2018-11-27
1791,2018-08-04,2020-04-25
862,2019-09-15,
998,2021-04-17,
1138,2019-09-14,
2105,2020-08-12,2020-03-28
1474,2019-03-10,
2415,2019-05-13,2019-06-27
2480,2019-02-15,2021-05-29
1031,2018-11-27,
1871,2018-11-16,2020-03-13
236,2020-12-19,
639,2019-09-11,
2535,2020-11-23,2021-07-22
1834,2019-09-11,2021-06-18
895,2019-09-09,
2054,2018-06-01,2021-02-07
1488,2019-09-07,
2096,2018-05-31,2021-07-20
1115,2020-10-13,
1280,2019-09-07,
541,2020-08-27,
850,2019-06-03,
2639,2019-05-25,2020-12-26
1572,2020-03-13,
2546,2019-04-07,2019-08-25
2908,2019-09-03,2021-04-30
2281,2019-03-29,2018-08-03
2732,2020-02-02,2021-05-16
581,2019-03-21,2021-04-27
1053,2020-01-13,
2818,2019-11-29,2019-11-26
2194,2019-01-17,2019-09-19
2959,2021-04-23,2020-12-31
730,2019-09-21,
1157,2019-09-01,
2923,2019-09-28,2018-09-09
2297,2020-08-06,2019-08-18
1085,2018-10-16,
859,2019-08-15,
2195,2018-08-10,2020-04-04
2437,2018-07-05,2021-05-29
2668,2019-08-30,2019-12-02
1514,2018-06-08,
515,2020-12-22,
1292,2018-04-22,
750,2020-09-29,
2444,2020-01-11,2021-03-25
1382,2018-08-16,
2842,2019-08-28,2021-01-09
393,2020-04-25,
210,2018-07-21,2021-04-27
2972,2020-09-11,2019-10-01
2915,2020-10-18,2021-04-12
2049,2020-05-18,2021-06-06
863,2020-04-21,
1460,2018-08-19,
1032,2019-04-27,
2326,2019-08-16,2021-01-12
2284,2020-09-01,2021-01-24
250,2018-09-26,
2188,2019-10-27,2020-01-26
782,2019-10-01,
790,2020-02-20,
1060,2019-12-22,
95,2021-04-04,
1671,2018-11-10,2019-04-06
2310,2020-02-20,2019-12-29
83,2018-05-24,2021-06-16
908,2019-08-20,
608,2018-05-05,
1735,2019-08-29,2018-10-16
1850,2019-08-08,2020-10-03
2113,2019-03-18,2021-03-28
1238,2019-08-16,
378,2019-03-10,
440,2021-02-14,
2050,2018-11-27,2019-09-10
968,2018-08-01,
175,2019-08-03,
149,2019-08-14,
381,2021-03-15,
2899,2020-08-27,2019-08-12
1963,2021-04-19,2019-07-12
670,2021-04-14,
635,2020-04-12,
1659,2019-04-06,2020-03-24
1203,2021-03-24,
358,2021-01-09,2021-06-15
1869,2021-01-07,2020-05-18
2431,2019-08-08,2021-04-19
1651,2019-07-31,2021-05-11
2858,2019-08-08,2020-11-12
627,2019-08-07,
1754,2018-10-13,2019-07-27
2532,2020-12-31,2020-02-24
1652,2020-12-05,2020-10-22
2552,2020-11-30,2021-04-23
2721,2019-08-05,2021-01-19
2305,2020-11-20,2021-05-04
1193,2019-04-05,
1993,2019-03-24,2020-09-04
24,2019-08-04,
173,2019-08-04,
257,2020-11-01,
811,2019-02-26,
1933,2019-07-28,2019-04-15
1991,2020-08-29,2021-03-14
471,2020-07-17,
1197,2019-10-04,
2243,2020-06-17,2020-10-31
1769,2018-09-11,2021-06-30
184,2021-03-27,
1304,2018-07-30,
1313,2020-05-08,
2103,2018-07-25,2021-05-10
2528,2018-05-08,2021-06-24
2833,2019-07-31,2021-05-21
2025,2020-04-06,2021-05-12
2587,2020-04-10,2020-02-11
470,2020-12-07,
2570,2020-11-05,2018-09-22
933,2020-11-06,
1428,2020-10-21,
2524,2020-04-14,2019-04-26
2876,2020-01-19,2020-12-17
1102,2019-07-20,
1715,2019-07-27,2021-01-21
2952,2020-04-13,2020-06-13
676,2020-02-12,
1694,2020-11-07,2019-06-12
37,2019-09-28,
1956,2019-07-25,2019-08-28
2161,2020-01-15,2020-02-19
2356,2019-12-30,2019-08-15
2781,2019-07-25,2018-11-19
2530,2019-11-03,2021-06-05
1322,2019-07-24,
325,2019-09-18,
2030,2019-06-02,2019-03-04
386,2019-07-23,
1320,2019-07-23,
1430,2020-08-24,2021-04-27
1483,2020-04-22,
864,2019-07-22,
1867,2020-09-07,2020-09-25
2257,2020-04-18,2019-07-16
1417,2019-09-20,
373,2020-09-21,
341,2019-07-17,
1269,2018-10-12,
2929,2019-07-09,2018-11-06
2614,2018-08-13,2019-06-20
266,2019-03-07,
465,2020-07-28,2021-06-14
2751,2020-12-11,2018-09-01
283,2019-12-08,
2123,2020-07-06,2021-02-02
759,2019-12-21,
2942,2019-03-26,2019-03-07
2549,2020-03-23,2020-02-04
329,2018-12-03,
841,2019-07-13,
1487,2018-12-02,2021-06-15
601,2019-07-12,
2108,2020-01-03,2021-03-07
775,2018-10-30,
391,2019-09-04,
136,2019-03-29,
1626,2018-06-10,
2823,2018-08-13,2019-07-26
922,2019-07-10,
2040,2020-07-08,2021-05-21
1436,2020-03-20,
2713,2019-07-09,2018-08-12
2237,2019-03-17,2019-09-24
2038,2019-07-07,2021-06-12
2670,2019-05-11,2020-10-02
2014,2020-07-08,2020-02-20
1570,2019-04-10,2021-05-10
506,2018-05-24,
1159,2018-09-26,
1889,2019-02-18,2021-05-27
2924,2018-09-20,2020-10-17
2439,2020-07-22,2021-01-21
547,2018-08-17,
1026,2019-07-03,
652,2019-07-03,
148,2019-07-02,2021-05-06
318,2018-12-21,
2813,2018-08-12,2018-12-01
667,2018-07-08,
1660,2018-09-28,2020-12-29
916,2019-06-30,
1171,2018-07-12,
2357,2018-09-18,2021-04-01
490,2018-04-25,
2701,2019-06-29,2020-06-28
2166,2018-06-25,2019-07-21
55,2018-04-15,
2822,2021-01-05,2019-10-26
2492,2020-10-04,2019-05-22
1965,2020-09-02,2018-07-17
1818,2019-06-27,2019-06-27
2871,2020-07-31,2020-10-28
246,2018-06-06,
890,2018-10-06,
1936,2020-07-14,2018-11-09
1110,2018-06-05,
137,2020-05-24,
2969,2020-04-10,2019-09-21
767,2020-03-26,
2325,2020-02-25,2018-09-12
2317,2020-02-01,2019-08-12
276,2020-09-23,
1558,2019-09-22,
1506,2018-12-29,
2557,2019-09-12,2020-08-21
7,2019-08-07,
237,2020-07-02,
430,2020-05-17,
1745,2020-04-06,2020-08-18
993,2019-07-30,
1371,2019-06-19,
165,2019-08-03,
1128,2019-06-12,
1129,2020-02-29,
26,2020-09-26,
545,2019-06-16,
2154,2020-03-10,2021-03-10
520,2020-07-27,
1516,2019-05-06,
609,2018-08-17,
751,2021-01-31,
27,2019-06-13,
2988,2020-07-20,2020-10-25
2928,2019-06-12,2019-10-04
535,2018-09-30,
2292,2019-02-01,2021-04-22
2453,2019-06-07,2018-12-06
2715,2020-06-27,2019-04-22
2460,2019-04-17,2020-03-22
2343,2020-02-25,2018-12-27
1328,2019-10-09,
2510,2018-12-11,2018-08-06
2309,2019-06-09,2019-02-19
230,2018-06-10,
1184,2018-06-18,
1229,2019-06-09,
228,2018-05-07,2021-04-27
1327,2021-04-14,
1687,2020-05-31,2021-05-25
1703,2020-12-04,2021-03-08
2489,2019-07-25,2020-02-04
3,2019-07-23,
2790,2019-06-05,2021-07-04
2293,2020-10-17,2021-04-13
810,2020-03-07,
1749,2018-07-25,2020-03-26
1257,2020-03-01,
1441,2020-03-02,
85,2020-07-30,
2454,2020-01-31,2021-07-06
90,2020-07-07,
948,2019-01-12,
2812,2019-05-30,2018-10-01
1,2020-05-11,
101,2019-02-04,
2504,2018-10-18,2019-11-03
622,2018-05-28,
591,2020-10-24,
1095,2019-04-16,
356,2020-05-06,
1211,2020-01-31,
1133,2019-05-26,
656,2019-06-09,
1029,2019-05-11,2021-06-12
735,2019-05-25,
41,2019-04-27,
12,2018-06-11,
2344,2020-03-25,2021-04-28
1421,2019-02-07,
1596,2019-05-23,
571,2021-04-07,
1378,2019-05-07,
2747,2019-04-20,2021-04-22
2646,2019-02-22,2021-03-17
2714,2020-02-16,2021-03-23
1199,2020-02-05,
433,2019-02-05,
950,2020-02-01,
553,2021-02-17,
394,2019-11-17,
1591,2019-05-17,
679,2019-05-16,
1227,2019-06-28,
2887,2019-05-16,2021-01-17
2,2018-09-14,
1627,2018-09-13,
2624,2019-05-24,2020-04-05
2615,2019-05-15,2021-05-28
701,2019-05-15,
1752,2018-05-27,2019-02-24
2588,2019-05-14,2020-03-12
2564,2020-06-01,2020-11-07
523,2019-05-15,2021-05-08
108,2018-04-19,
1261,2019-05-13,
2068,2019-03-22,2019-10-07
2274,2021-01-19,2021-05-18
1573,2019-05-13,
287,2019-09-25,
893,2020-12-03,
2229,2019-08-16,2021-04-30
2476,2019-05-10,2021-06-25
646,2020-09-29,
1420,2018-12-20,
548,2019-07-26,
1013,2018-06-19,
923,2020-04-05,
918,2019-05-08,
131,2018-07-07,
577,2019-05-29,
2358,2020-02-02,2019-02-25
1172,2021-03-17,
2277,2019-12-29,2020-02-17
2962,2018-05-06,2021-04-16
940,2021-03-17,
640,2019-05-04,
489,2021-03-06,
2210,2019-05-04,2021-01-23
2182,2019-09-24,2021-07-26
2129,2019-09-24,2019-12-06
1787,2021-02-01,2021-05-13
298,2019-05-02,
370,2019-05-01,
289,2019-09-03,
917,2019-06-16,
1213,2020-07-06,
1065,2020-07-13,
2053,2020-06-10,2019-03-26
123,2018-06-18,
2993,2019-08-30,2021-06-12
1332,2020-05-08,
1679,2020-05-08,2020-03-23
1757,2018-11-01,2020-08-20
2421,2020-05-05,2019-08-12
493,2020-06-08,
1112,2021-04-27,
2857,2020-02-06,2021-05-24
469,2020-01-11,
2932,2020-01-22,2021-05-29
2302,2020-02-01,2019-11-29
2502,2018-12-01,2020-06-05
124,2020-03-14,
1819,2019-05-24,2019-07-26
617,2019-04-23,
1526,2019-04-22,
150,2019-04-22,
2248,2020-10-04,2021-04-30
2673,2019-04-21,2021-04-13
2044,2018-11-29,2021-04-22
2795,2019-04-15,2020-05-27
1768,2020-08-26,2020-08-19
1064,2021-04-06,
1490,2020-09-10,
2603,2019-04-19,2020-04-08
2204,2018-10-24,2019-12-02
1845,2019-11-19,2020-04-28
2106,2018-10-06,2021-04-16
78,2019-01-11,
588,2020-09-06,
1087,2020-05-11,
1419,2018-06-23,
82,2019-02-01,
2966,2019-01-19,2018-09-03
2788,2018-04-10,2021-06-09
1049,2019-01-12,
1501,2019-01-23,
1309,2018-12-06,2021-05-05
1469,2018-10-21,
387,2018-11-20,
2036,2019-04-10,2021-04-27
1499,2018-06-28,
1977,2018-05-21,2021-04-26
1450,2018-11-16,
1890,2019-04-10,2018-09-28
2355,2019-04-09,2021-06-13
2511,2018-11-14,2018-08-02
1902,2021-04-16,2021-03-15
641,2018-10-15,
881,2020-02-18,
2499,2020-11-10,2020-05-18
1992,2019-04-07,2018-12-29
360,2018-08-03,
2368,2020-05-08,2021-03-13
2228,2020-10-23,2020-01-10
97,2019-12-26,
121,2020-09-23,
2473,2018-06-29,2018-10-30
979,2018-06-04,
1210,2020-08-29,
2244,2018-07-22,2021-06-10
512,2020-08-05,
296,2020-12-05,
1118,2020-10-27,
697,2020-01-11,
415,2021-02-24,
187,2019-03-31,
1234,2019-12-16,
1721,2021-02-19,2020-06-19
2891,2020-03-19,2021-05-30
305,2020-11-02,
171,2019-08-16,
2584,2019-07-02,2021-02-23
749,2019-06-12,
2742,2019-03-28,2020-04-06
1875,2019-03-27,2021-02-08
1405,2019-05-06,
927,2019-03-26,
421,2020-03-22,
1665,2019-06-06,2020-10-29
1449,2020-09-23,
311,2020-09-21,
2884,2020-12-13,2021-06-04
1174,2020-08-11,
1310,2020-02-18,
2648,2019-08-23,2021-04-02
2904,2019-03-22,2021-02-02
565,2019-03-22,
2478,2019-03-19,2021-06-08
1770,2019-08-28,2018-08-10
644,2019-07-15,
2578,2021-02-06,2020-12-18
2387,2020-07-16,2021-02-13
443,2020-07-15,
1637,2019-03-20,2021-05-05
2832,2019-05-29,2021-01-26
981,2019-03-19,
2671,2020-07-14,2021-06-06
1924,2019-03-19,2018-12-10
2600,2019-06-05,2020-08-08
463,2020-07-01,
1177,2020-05-17,
2280,2019-03-18,2020-06-25
1569,2019-03-18,
297,2021-01-29,
1987,2019-10-30,2020-02-26
2838,2020-09-08,2019-03-30
1904,2020-05-11,2019-03-11
2291,2020-08-16,2021-01-26
1086,2019-06-06,
448,2020-04-20,
1168,2021-03-24,
1738,2019-03-14,2020-12-04
2947,2019-03-14,2019-03-21
1099,2020-02-18,
2893,2020-09-05,2021-04-28
1041,2020-01-18,
2336,2021-03-08,2020-07-03
2982,2020-11-01,2019-06-26
1518,2020-10-15,
63,2019-03-12,2021-06-17
825,2019-12-23,2021-06-15
758,2019-03-08,
1530,2019-12-20,
1204,2019-12-04,
1046,2019-03-08,
2118,2019-03-07,2020-09-30
999,2019-11-28,
1497,2019-11-23,
459,2020-06-17,
1696,2020-05-27,2020-07-21
945,2019-03-06,
400,2019-03-05,
549,2019-11-18,
630,2019-09-01,
2650,2019-02-10,2021-06-09
1939,2019-01-05,2018-11-05
1941,2019-03-04,2020-12-08
275,2019-10-23,
2098,2018-12-27,2021-05-14
2157,2019-09-13,2021-06-20
277,2019-08-17,
886,2019-08-07,2021-06-15
585,2018-11-29,
1582,2019-02-27,
851,2019-06-17,
1409,2019-02-28,
2007,2020-05-19,2018-11-04
2217,2019-02-27,2021-03-17
1951,2018-12-07,2020-02-01
1817,2018-05-07,2020-08-24
1670,2018-05-03,2019-04-20
955,2021-04-12,
407,2019-05-01,
1316,2019-02-24,
2865,2019-02-24,2020-10-23
2862,2021-03-15,2020-04-25
2449,2021-03-02,2021-06-27
597,2021-02-06,
737,2019-04-08,
1511,2020-12-29,
1039,2020-11-05,
736,2020-12-22,
2474,2020-07-30,2019-03-07
508,2019-02-18,
1143,2020-07-29,
958,2020-08-15,
1560,2021-02-13,
2746,2019-02-15,2021-03-04
1007,2020-07-16,
2597,2020-05-26,2019-05-20
1048,2019-03-20,
2604,2020-04-28,2019-02-12
1561,2020-03-11,2021-05-05
522,2019-03-16,
76,2019-03-19,
1181,2020-02-18,
947,2021-02-18,
1121,2019-10-22,
368,2019-02-15,
2859,2019-02-14,2021-07-26
2011,2019-10-20,2019-01-17
1380,2021-02-02,
2793,2019-07-23,2020-09-20
1131,2019-04-02,2021-05-07
2868,2019-10-06,2021-02-08
2860,2020-02-06,2018-09-23
2658,2020-03-17,2019-10-21
1825,2019-10-11,2021-01-19
2093,2019-02-10,2021-04-11
570,2019-04-28,
106,2019-03-16,
2428,2019-10-09,2021-04-27
1860,2020-02-13,2020-02-13
612,2019-02-08,
2737,2020-04-14,2021-01-27
1643,2019-09-25,2021-06-15
2539,2020-03-21,2018-12-22
2867,2019-05-26,2021-04-27
1790,2019-05-25,2021-03-09
232,2019-02-07,
483,2019-05-16,
2377,2020-08-17,2021-01-02
1792,2019-02-04,2021-01-24
1091,2020-03-18,
798,2019-11-20,
1580,2021-03-01,
2617,2018-12-28,2020-01-20
2627,2018-09-25,2020-09-12
1424,2019-02-02,
843,2020-01-20,
1212,2019-02-01,
1244,2019-04-26,
1145,2019-02-01,
658,2018-07-29,
858,2019-02-05,
1289,2019-01-06,
1961,2018-04-17,2019-11-29
1940,2019-12-21,2020-09-05
349,2020-10-10,
741,2019-01-30,2021-04-12
561,2019-08-07,2021-06-15
2980,2019-01-30,2021-06-08
2685,2018-07-30,2021-05-30
1509,2019-01-29,
1947,2019-01-29,2020-08-23
969,2019-02-15,
2976,2018-05-03,2019-05-29
576,2019-01-20,
238,2019-01-15,
1608,2021-02-02,
1878,2019-01-28,2019-08-25
1473,2019-01-24,
1076,2018-08-30,
2548,2019-01-25,2021-01-25
2913,2018-12-02,2020-11-28
1943,2020-11-13,2019-03-24
1120,2018-06-17,
118,2018-05-21,
2434,2019-01-20,2021-02-15
2637,2018-05-19,2019-09-05
1510,2019-01-20,
1379,2018-08-28,
2540,2019-01-20,2019-12-23
2506,2019-01-20,2019-10-07
113,2018-08-13,
784,2018-08-11,
1857,2018-04-15,2020-08-14
2367,2019-01-19,2019-07-10
1984,2020-03-16,2019-03-27
197,2019-11-27,
1602,2019-01-18,
1908,2019-02-11,2019-06-22
1823,2021-01-04,2021-05-02
1957,2018-07-14,2021-01-21
1230,2020-12-02,
66,2018-07-08,
1148,2020-09-04,
524,2020-06-22,
2313,2019-01-15,2019-01-30
2954,2020-06-19,2021-03-08
2071,2020-06-08,2021-05-05
1586,2018-06-25,
2407,2019-01-14,2020-04-14
1402,2019-10-22,
340,2019-01-13,
310,2020-04-17,
306,2020-04-07,
138,2020-02-18,
816,2019-01-12,
1061,2021-04-05,
1236,2019-10-14,
1958,2019-01-12,2021-01-25
1548,2019-10-05,
1451,2021-05-01,
1401,2019-06-17,
1074,2019-01-09,2021-04-12
690,2019-05-16,
2370,2021-04-21,2021-06-19
2143,2020-09-24,2019-08-19
1416,2020-09-23,
1640,2020-01-18,
194,2018-07-31,
2741,2020-07-12,2020-09-16
174,2019-01-06,2021-05-05
1408,2021-03-12,
709,2021-03-08,
1589,2021-02-10,
1178,2019-08-12,
158,2019-01-05,
39,2019-04-08,
1822,2021-01-13,2019-06-23
2017,2020-08-06,2021-04-29
1782,2020-11-03,2019-10-27
1737,2020-10-12,2021-04-09
1931,2019-01-03,2021-07-04
2221,2020-08-11,2021-03-07
703,2020-07-21,
836,2019-01-30,
2308,2020-11-30,2021-04-19
418,2020-01-30,
2240,2018-12-29,2021-02-18
1723,2018-12-26,2020-09-25
2301,2018-12-29,2019-07-06
1812,2020-06-19,2020-07-07
1759,2018-12-28,2021-02-10
1525,2019-01-06,
1351,2020-04-07,
819,2019-07-07,
746,2018-12-27,
1702,2018-12-26,2021-04-07
2497,2018-12-24,2021-03-31
1494,2018-11-24,
447,2020-01-29,
2438,2020-05-24,2021-07-15
1841,2019-12-27,2021-05-08
666,2019-09-16,
869,2018-08-11,
2216,2019-01-10,2021-08-01
345,2020-03-24,
780,2021-01-22,
2768,2018-12-22,2020-02-21
2512,2018-12-26,2019-11-14
1872,2018-12-21,2021-06-08
2761,2020-02-11,2020-05-01
2442,2018-11-20,2019-10-09
2529,2020-09-12,2020-10-02
526,2018-09-23,
1038,2018-12-19,
1299,2019-12-15,
831,2019-11-21,
1706,2018-09-08,2021-04-27
991,2018-12-16,
2085,2019-11-08,2021-04-06
274,2018-08-29,
1372,2018-08-10,
245,2018-12-13,
2109,2020-07-16,2021-04-14
200,2019-10-09,
531,2018-12-12,
2994,2018-06-25,2020-05-08
2775,2018-04-30,2019-06-15
1406,2019-08-24,
2666,2021-02-16,2021-05-24
2729,2020-12-16,2021-01-27
2052,2019-08-05,2020-02-19
2482,2018-12-08,2019-11-27
2426,2020-11-29,2019-12-08
985,2019-06-07,2021-06-15
1503,2020-11-22,
1104,2020-03-18,
1154,2020-11-03,
2937,2020-10-06,2021-05-30
319,2020-10-04,
2072,2019-11-11,2019-02-22
2384,2020-08-14,2020-06-04
878,2019-03-03,
806,2019-03-12,
752,2018-11-26,
2418,2018-09-20,2021-01-19
2055,2018-12-01,2018-11-28
1913,2018-11-29,2021-03-18
1094,2020-06-26,
435,2021-02-07,
143,2020-02-19,
733,2020-04-17,
1546,2019-11-27,
930,2020-11-16,
2059,2020-11-05,2021-03-02
2599,2020-10-28,2021-05-29
899,2020-10-22,
406,2018-09-22,
786,2020-10-21,
1761,2018-11-27,2018-11-07
1325,2018-11-25,
2324,2018-11-26,2019-08-09
181,2019-07-24,
361,2019-06-26,
1265,2020-09-10,
2961,2020-09-01,2021-04-15
476,2018-11-23,
1642,2020-05-22,
2300,2019-01-05,2020-10-16
2008,2020-08-21,2021-03-03
1767,2018-11-22,2021-04-25
1789,2019-05-28,2020-09-19
1024,2020-06-03,
1454,2020-08-08,
2981,2020-02-18,2020-07-09
2974,2019-03-14,2021-02-15
845,2019-02-26,
847,2019-02-10,
2242,2020-08-10,2020-02-03
2205,2019-01-17,2019-11-03
2850,2018-05-08,2021-07-19
215,2020-11-28,
1362,2020-04-04,
198,2020-03-24,
451,2020-08-11,
1155,2020-02-24,
420,2020-02-23,
1156,2020-01-29,
2664,2020-01-27,2021-06-09
768,2020-01-23,
2218,2018-11-15,2019-02-22
2024,2019-12-26,2020-02-03
17,2019-10-07,
1859,2019-10-11,2019-12-15
1005,2019-11-19,
704,2019-01-19,
191,2018-11-12,
921,2018-11-12,
1929,2018-12-08,2019-05-08
1254,2018-11-11,
2630,2020-04-04,2019-08-17
2424,2018-11-11,2020-06-23
510,2019-07-12,
1389,2019-07-01,
1105,2020-02-15,
936,2019-06-23,
424,2018-11-10,
2394,2019-05-15,2019-12-15
2678,2019-12-15,2019-06-01
2414,2018-05-06,2021-04-21
1539,2019-11-27,
192,2018-11-08,
1515,2019-09-14,
1364,2019-06-25,
1576,2019-03-30,
1017,2019-03-05,
2920,2019-06-02,2021-06-14
1283,2018-11-05,
5,2019-02-28,
1705,2018-12-09,2018-08-30
2696,2018-11-15,2021-04-09
657,2020-04-29,
689,2021-02-17,
1673,2019-07-11,2019-05-06
2811,2018-11-07,2019-07-10
1288,2020-01-16,
1955,2021-01-27,2021-01-11
1528,2018-10-31,
2013,2018-10-31,2021-01-22
1164,2018-10-31,
1395,2018-05-07,
2568,2018-04-17,2021-02-08
2340,2018-10-30,2021-02-10
111,2018-10-29,
855,2019-10-25,
793,2018-10-27,2021-04-12
1225,2019-07-30,
1422,2020-08-23,
1054,2018-10-26,
354,2020-05-29,
1880,2020-09-25,2020-10-31
2234,2018-10-06,2019-03-02
437,2018-10-24,
1750,2019-05-10,2019-12-02
144,2018-09-08,
2626,2018-10-23,2021-04-16
2748,2018-09-13,2020-06-18
2997,2018-07-09,2021-03-30
2797,2018-08-17,2020-04-08
1888,2018-08-10,2019-06-03
2369,2021-04-18,2021-06-13
2892,2021-03-31,2019-11-03
2201,2020-06-16,2021-04-22
2692,2018-12-04,2020-11-21
1868,2020-10-30,2020-08-28
2203,2018-10-18,2021-01-17
2397,2020-03-04,2021-04-17
626,2018-05-01,
2045,2018-04-30,2019-08-22
247,2018-10-16,
1237,2019-05-24,
2076,2019-11-09,2019-06-18
986,2021-04-07,
1206,2021-03-25,
2069,2018-10-14,2021-03-17
2787,2021-03-23,2021-03-05
214,2018-10-13,
2669,2019-04-06,2019-09-04
1246,2021-03-18,
2760,2019-03-23,2019-09-04
1946,2018-10-11,2021-06-05
2081,2018-12-09,2019-08-14
584,2018-10-09,
2037,2021-01-07,2020-02-27
1356,2021-02-16,
1125,2018-10-09,
606,2018-12-16,
2386,2021-01-10,2019-08-16
16,2018-11-15,
2452,2020-10-23,2018-07-28
756,2020-10-20,
949,2018-10-07,
2820,2019-06-19,2020-12-25
139,2019-03-07,
177,2020-01-26,
1059,2020-05-19,2021-04-27
1794,2018-11-06,2020-09-07
1762,2020-08-01,2020-01-17
1567,2021-02-05,
2398,2020-10-09,2020-07-13
2379,2020-09-06,2020-01-13
2791,2018-10-05,2021-03-20
335,2018-10-05,
442,2020-12-31,
1797,2020-02-06,2020-04-02
1713,2020-05-02,2019-04-09
2479,2018-10-04,2021-01-30
2021,2019-07-30,2021-05-03
1771,2018-06-11,2018-08-02
821,2018-10-01,
2327,2019-05-10,2020-02-11
426,2020-04-27,
2060,2020-07-28,2021-05-21
2738,2018-09-29,2020-06-17
1699,2018-10-09,2021-06-29
1486,2018-09-05,
1020,2020-03-16,
1884,2018-09-28,2019-12-31
1326,2018-08-26,
2063,2021-04-19,2021-02-12
837,2020-03-01,
1612,2018-09-26,
365,2021-03-31,
785,2020-01-05,
1384,2021-03-05,
281,2018-09-23,
1542,2021-03-03,
1201,2020-07-17,
51,2021-01-14,
879,2019-11-22,
1877,2019-06-23,2018-07-24
221,2018-09-18,
1704,2018-09-18,2021-02-18
31,2020-10-01,
1512,2018-09-12,2021-05-05
1123,2018-09-18,
2411,2019-09-18,2020-09-03
1532,2018-09-17,
974,2020-09-25,2021-05-09
2643,2018-09-16,2021-04-16
2594,2020-07-15,2019-08-27
1429,2020-03-15,
1631,2020-03-28,
1692,2020-01-21,2021-04-17
334,2019-12-07,
410,2018-09-13,
1192,2019-09-05,
2525,2019-07-12,2020-09-24
269,2020-04-27,
488,2018-09-12,
254,2019-09-25,
2901,2018-07-02,2019-08-15
808,2019-07-06,
2798,2019-07-15,2021-02-02
1426,2018-07-18,
1398,2018-09-09,
59,2019-05-31,
929,2019-04-21,
1427,2018-09-02,
203,2018-09-08,
2271,2019-04-06,2018-09-01
414,2019-03-31,
168,2018-09-06,
130,2019-02-13,
1873,2018-09-05,2020-02-21
2125,2018-09-05,2018-07-23
2869,2018-09-04,2020-07-12
2126,2018-10-28,2021-04-29
127,2020-07-09,
2419,2021-02-22,2019-07-21
2466,2020-04-14,2019-02-28
1807,2020-11-24,2020-07-28
1638,2018-09-01,
2792,2019-03-08,2019-10-21
1885,2018-08-31,2021-07-16
2088,2020-04-25,2019-01-21
870,2019-02-18,
1948,2019-02-08,2018-12-24
2094,2021-03-03,2018-08-22
2339,2020-07-23,2020-11-20
2348,2018-08-29,2018-12-04
1832,2019-05-18,2019-10-19
826,2019-10-16,
359,2020-11-24,
2158,2020-06-04,2021-04-12
1903,2018-11-27,2021-01-17
2140,2018-11-27,2020-10-03
770,2018-08-26,
551,2020-09-05,2021-04-27
857,2018-08-26,
504,2019-10-12,
961,2018-11-14,
379,2020-04-03,
2949,2018-08-24,2020-07-30
19,2018-07-10,
2270,2018-09-13,2019-07-26
1455,2018-08-22,
2607,2018-08-23,2021-06-24
1656,2021-03-21,2019-01-31
2562,2018-08-20,2020-12-16
1827,2018-08-20,2018-10-03
1674,2021-03-10,2021-01-29
1317,2020-10-26,
2314,2021-04-06,2019-07-16
761,2018-05-10,
1654,2018-10-16,2021-05-06
1686,2018-08-18,2019-12-09
2854,2021-04-27,2021-04-28
170,2020-06-12,
2722,2018-07-22,2020-10-19
2378,2020-07-17,2018-07-23
1854,2018-10-11,2020-09-19
350,2020-10-12,
2550,2018-05-22,2018-12-21
2960,2018-08-16,2018-12-11
1918,2018-08-15,2021-05-04
2430,2021-02-17,2021-03-29
2119,2018-08-13,2020-04-18
1611,2021-01-13,
91,2020-12-10,
1150,2020-09-24,
1559,2019-10-21,
1804,2019-09-01,2020-05-26
621,2020-02-18,
725,2018-08-12,
783,2018-08-12,
1896,2018-08-12,2018-10-20
2518,2018-11-07,2021-05-28
760,2019-08-11,
1089,2018-09-09,
628,2020-12-18,
96,2020-08-19,
2477,2018-09-09,2021-06-29
2263,2018-08-10,2020-07-27
2608,2019-07-09,2019-12-04
2231,2019-01-18,2019-05-24
323,2018-08-03,
1470,2019-12-04,
2176,2019-01-29,2021-05-03
1842,2018-08-08,2019-11-13
846,2020-10-14,
1222,2019-09-12,2021-06-17
1838,2020-09-16,2021-05-05
333,2020-07-15,
2208,2018-08-05,2021-05-24
956,2020-05-09,
1435,2020-03-01,
1741,2020-02-27,2020-11-05
362,2019-11-20,
1536,2018-11-19,
1847,2020-04-07,2021-05-11
302,2018-08-03,
2514,2018-12-15,2019-04-03
2894,2018-12-12,2018-08-24
1734,2020-04-20,2019-05-30
599,2019-07-07,
73,2018-08-02,
592,2020-11-26,
1937,2019-04-01,2020-07-15
2941,2018-04-19,2020-11-23
634,2018-10-07,
2953,2019-12-16,2018-12-25
1134,2018-08-11,
28,2018-07-31,
21,2018-07-05,
662,2018-06-03,
817,2018-08-01,
1617,2021-01-18,
2786,2019-08-01,2020-08-20
2289,2018-07-28,2019-07-14
2674,2018-06-12,2020-09-17
224,2020-09-10,
88,2020-08-20,
2560,2018-05-24,2021-01-15
1895,2018-07-26,2021-04-19
2914,2020-07-01,2019-08-06
2554,2018-05-09,2021-04-03
344,2020-05-30,
1233,2020-04-18,
1286,2018-07-23,
1507,2020-01-10,
852,2020-08-15,
582,2019-08-20,
1739,2021-04-26,2021-06-03
151,2021-03-02,
2056,2019-04-12,2019-10-20
2362,2018-09-02,2018-09-11
46,2020-03-10,2021-06-13
1935,2018-07-17,2021-01-01
2649,2018-07-23,2021-05-05
2041,2018-10-25,2019-08-15
2139,2020-06-15,2019-05-15
1345,2020-12-26,
2015,2018-07-13,2019-12-25
849,2019-12-14,
1907,2018-07-17,2019-10-25
42,2021-03-25,
1219,2018-08-04,
1396,2018-07-10,
804,2020-12-19,
2185,2021-02-23,2019-05-14
2363,2018-07-10,2018-10-16
253,2018-07-10,
727,2020-10-25,
724,2020-12-02,
1725,2020-02-26,2019-01-27
2475,2019-04-17,2021-03-06
2312,2019-11-05,2021-02-04
560,2019-07-05,
1985,2020-11-09,2021-06-15
1978,2019-06-28,2021-02-23
2009,2018-11-04,2019-02-18
631,2020-09-17,2021-04-27
887,2018-07-05,
875,2020-08-10,
1002,2020-09-18,
2224,2018-07-03,2021-05-08
2121,2020-08-30,2021-01-08
355,2018-07-02,
580,2020-03-14,2021-06-15
1566,2019-11-14,
2628,2019-05-18,2020-08-09
2122,2018-07-01,2020-10-30
1661,2018-11-19,2020-12-07
13,2020-11-16,
2706,2020-06-07,2020-09-07
653,2019-11-22,
2285,2020-01-23,2020-01-19
1367,2020-05-31,
907,2020-10-01,
643,2018-06-27,
1814,2021-01-03,2020-12-14
637,2020-11-14,
801,2020-05-24,
102,2020-05-16,
1209,2018-06-25,
2433,2020-05-16,2020-07-29
1524,2019-01-17,
680,2018-05-05,
2110,2018-08-13,2019-03-03
1635,2018-06-28,
2771,2020-04-19,2021-05-19
772,2019-06-20,
1925,2019-05-03,2021-03-10
2559,2019-09-18,2020-06-22
1714,2019-03-01,2021-02-12
369,2020-02-18,
6,2020-10-09,
1333,2020-05-04,
255,2020-09-20,
75,2018-04-13,
2361,2019-12-11,2021-02-28
716,2020-01-21,
1893,2019-12-21,2019-01-17
686,2018-06-17,
2836,2019-11-29,2018-09-24
1919,2020-10-14,2021-07-14
685,2019-11-14,
227,2020-07-23,
1927,2019-08-19,2020-12-10
212,2018-07-19,
2092,2019-07-19,2021-04-08
1161,2018-06-18,
1196,2018-06-14,
223,2018-06-13,
2496,2019-07-08,2020-05-11
1863,2020-07-02,2019-03-25
1881,2019-06-18,2019-08-20
876,2019-05-22,2021-06-15
533,2020-05-19,
2335,2019-10-30,2019-06-27
2019,2019-04-10,2019-10-13
2115,2018-09-15,2019-05-02
546,2020-10-13,
2590,2019-10-10,2018-10-12
2064,2019-03-09,2020-02-19
1033,2019-09-23,
2133,2018-12-17,2019-06-03
2306,2018-11-14,2019-04-28
788,2019-02-04,
1809,2019-01-13,2020-03-23
1803,2018-10-08,2021-05-25
225,2018-06-07,
2400,2018-09-23,2018-12-21
1855,2018-06-06,2021-07-29
190,2018-09-03,
2728,2018-06-06,2021-02-27
367,2018-07-29,
912,2018-07-03,
282,2020-12-20,
2227,2019-10-18,2021-05-07
87,2020-12-14,
467,2020-11-18,
1533,2019-12-04,
1124,2019-04-27,
2521,2020-06-20,2021-01-15
2487,2020-10-11,2020-02-01
2699,2018-06-02,2021-06-06
1664,2020-05-17,2018-08-06
2104,2020-08-31,2020-04-25
1308,2020-08-28,
1108,2020-08-27,
1251,2019-06-29,
2846,2018-05-30,2019-03-19
2890,2020-08-30,2018-09-13
2213,2020-07-05,2020-06-14
1004,2020-07-07,
861,2020-08-21,
1481,2020-07-04,
2020,2019-01-14,2021-07-18
963,2020-05-12,
1776,2018-05-28,2021-02-07
2902,2020-02-18,2019-01-24
537,2018-11-18,
2212,2018-07-02,2020-12-28
2784,2019-03-03,2020-05-02
2261,2020-02-07,2018-07-31
2863,2019-01-20,2021-01-28
1079,2020-10-14,
739,2019-11-13,2021-06-15
2635,2018-06-08,2020-06-16
2582,2020-05-07,2019-12-31
2967,2018-05-28,2020-01-09
1433,2021-03-29,
402,2018-10-16,
348,2020-11-23,
529,2020-10-17,
1755,2020-02-24,2021-05-25
2693,2020-06-18,2019-08-02
2507,2021-02-19,2019-05-22
1999,2018-05-21,2021-07-08
586,2020-07-14,
1982,2019-08-16,2020-01-11
1853,2019-07-31,2021-06-09
444,2018-05-15,
2458,2019-04-28,2021-07-17
754,2019-04-01,
2896,2020-06-14,2021-06-11
2577,2020-09-15,2021-06-25
2341,2019-05-04,2020-05-18
2406,2021-01-27,2018-09-03
2266,2020-05-15,2020-07-08
1279,2020-04-11,
1321,2021-03-15,
795,2018-11-27,
1557,2018-11-14,2021-04-27
388,2021-01-19,
2409,2018-10-21,2019-11-24
1588,2018-05-06,
2058,2021-01-12,2021-06-30
2416,2018-05-05,2020-12-26
2576,2021-01-02,2021-05-24
579,2020-09-07,
996,2018-08-23,2021-06-15
673,2018-06-11,
390,2018-05-03,
926,2020-08-20,2021-04-12
2498,2020-01-01,2021-07-29
1135,2020-10-04,
2596,2019-04-15,2021-05-07
2878,2019-03-15,2019-07-24
574,2018-08-02,
2542,2018-07-22,2018-11-28
2388,2020-12-10,2021-01-20
2538,2018-05-01,2021-06-23
153,2020-11-01,
2526,2020-05-31,2021-04-07
18,2018-04-26,
590,2019-10-20,
1959,2018-04-25,2021-01-10
419,2019-10-21,
2951,2018-04-25,2019-02-24
1897,2019-06-02,2018-10-12
180,2019-03-25,
2652,2020-01-26,2020-06-09
872,2020-04-12,
987,2018-04-23,
2691,2019-06-10,2018-09-30
1062,2019-03-27,
157,2018-11-16,
1813,2018-04-22,2020-03-19
2826,2020-10-30,2021-05-22
645,2018-10-23,
1343,2018-04-21,
607,2020-12-09,
2273,2018-05-03,2021-03-07
1096,2021-03-02,
1173,2018-04-20,
2155,2020-01-06,2021-06-18
205,2020-09-28,
629,2020-06-16,
1549,2018-04-19,
2127,2019-05-10,2020-11-16
755,2020-11-22,
2198,2018-04-19,2021-02-19
2252,2019-09-07,2019-01-29
2601,2021-02-11,2019-09-04
2245,2020-01-02,2021-08-01
2505,2019-08-01,2018-07-25
1634,2019-02-22,
915,2018-04-16,
1831,2018-04-09,2021-05-08
314,2018-04-20,
2783,2018-04-15,2021-07-22
781,2019-03-21,
312,2018-04-25,
1698,2020-03-15,2020-09-07
499,2018-04-14,
86,2019-04-23,
2660,2021-03-28,2019-06-18
822,2018-09-07,
1068,2020-05-17,
2232,2019-03-31,2020-03-13
1167,2018-07-09,2021-04-27
1693,2021-03-01,2021-03-28
